Rank,Youtuber,Subscribers,VideoViews,VideoCount,Category,Started,SubscribersFormatted
1,T-Series,222000000,198459090822,17317,Music,2006,22.2
3,Cocomelon - Nursery Rhymes,140000000,135481339848,786,Education,2006,14
4,SET India,139000000,125764252686,91271,Shows,2006,13.9
6,PewDiePie,111000000,28469458228,4497,Gaming,2010,11.1
7,MrBeast,102000000,16832456681,726,Entertainment,2012,10.2
8,✿ Kids Diana Show,99700000,79602288245,1009,People & Blogs,2015,9.97
9,Like Nastya,99200000,81963845811,702,People & Blogs,2016,9.92
11,WWE,90200000,70544743313,63077,Sports,2007,9.02
12,Zee Music Company,86700000,49067711243,6603,Music,2014,8.67
13,Vlad and Niki,85100000,66498762660,472,Entertainment,2018,8.51
14,5-Minute Crafts,77100000,23881457195,5581,Howto & Style,2016,7.71
15,BLACKPINK,76200000,24707415704,397,People & Blogs,2016,7.62
17,Goldmines,74100000,18533088438,3968,Film & Animation,2012,7.41
18,Sony SAB,70600000,82473581441,56295,Shows,2007,7.06
19,BANGTANTV,70000000,17471090750,1787,Music,2012,7
20,Justin Bieber,69700000,28567240999,247,Music,2007,6.97
21,HYBE LABELS,67800000,24013849120,971,Music,2008,6.78
22,Canal KondZilla,65900000,36576704790,2313,Music,2012,6.59
23,Zee TV,63000000,17111576122,60802,Entertainment,2005,6.3
24,Shemaroo Filmi Gaane,61300000,28579945247,7884,Music,2010,6.13
25,Pinkfong Baby Shark - Kids' Songs & Stories,59400000,32107290522,2374,Education,2011,5.94
26,Dude Perfect,58100000,14742860905,297,Sports,2009,5.81
27,ChuChu TV Nursery Rhymes & Kids Songs,57700000,39266652127,506,Education,2013,5.77
28,Movieclips,57600000,58839819120,39202,Film & Animation,2006,5.76
29,Marshmello,55700000,13445424556,401,Entertainment,2015,5.57
30,Colors TV,55100000,52611504230,87427,Shows,2008,5.51
31,Wave Music,53400000,37230876862,18622,Music,2014,5.34
32,EminemMusic,53000000,23717869724,140,Music,2007,5.3
33,Aaj Tak,52900000,20204939173,196497,News & Politics,2009,5.29
34,Tips Official,52800000,27883080973,3612,Music,2007,5.28
35,T-Series Bhakti Sagar,52500000,24278576197,23870,Music,2011,5.25
36,Sony Music India,52400000,24856641898,3180,Music,2009,5.24
37,Ed Sheeran,52200000,27881781761,253,Music,2006,5.22
38,El Reino Infantil,51700000,49895247456,1309,Music,2011,5.17
39,Ariana Grande,51600000,22158094076,146,Music,2007,5.16
40,LooLoo Kids - Nursery Rhymes and Children's Songs,49800000,29013984394,553,Music,2014,4.98
41,YRF,47600000,29366788406,3289,Film & Animation,2006,4.76
42,Taylor Swift,47100000,25563795998,189,Music,2006,4.71
43,Billie Eilish,46200000,11999349578,48,Music,2013,4.62
44,JuegaGerman,46100000,13698034536,1959,Gaming,2013,4.61
45,BillionSurpriseToys - English Kids Songs & Cartoon,45700000,8590657189,648,Education,2013,4.57
46,Infobells - Hindi,45600000,25635591765,476,Education,2014,4.56
47,Badabun,45600000,18567925780,13814,Entertainment,2014,4.56
48,Fernanfloo,45100000,9966728650,541,Gaming,2011,4.51
49,Felipe Neto,44300000,15475571879,3512,Entertainment,2006,4.43
50,BRIGHT SIDE,43900000,10058536263,4540,Howto & Style,2017,4.39
51,whinderssonnunes,43900000,4120078906,521,Comedy,2013,4.39
52,Você Sabia?,43300000,7284075395,1315,Entertainment,2013,4.33
53,HolaSoyGerman.,43300000,4735959546,136,Entertainment,2011,4.33
54,Katy Perry,43200000,23966278157,118,Music,2008,4.32
55,SonyMusicIndiaVEVO,42700000,23991411417,3309,Music,2009,4.27
56,Bad Bunny,42500000,23748805401,123,Music,2014,4.25
57,Alan Walker,42200000,11731228995,318,Music,2012,4.22
58,Like Nastya Show,41500000,18745015002,599,Entertainment,2017,4.15
59,Get Movies,41300000,28559341412,3963,Entertainment,2006,4.13
60,A4,41200000,16717234472,645,Gaming,2014,4.12
61,Speed Records,40800000,24558172214,10327,Music,2012,4.08
62,ABS-CBN Entertainment,40600000,47544242811,179522,People & Blogs,2008,4.06
63,elrubiusOMG,40400000,7483116325,705,Gaming,2011,4.04
64,Shemaroo,39700000,20489429972,9707,Entertainment,2007,3.97
65,Rihanna,39600000,20092128845,79,Entertainment,2005,3.96
66,Little Baby Bum - Nursery Rhymes & Kids Songs,39500000,37136069429,1989,Education,2011,3.95
67,Luisito Comunica,39200000,7691260396,1119,Comedy,2012,3.92
68,Voot Kids,38800000,17685426640,3282,Entertainment,2016,3.88
69,Маша и Медведь,38700000,32833907997,1198,Film & Animation,2011,3.87
70,TheEllenShow,38300000,22335550787,14404,Entertainment,2006,3.83
71,LUCCAS NETO - LUCCAS TOON,37800000,20454693770,1875,People & Blogs,2014,3.78
72,Ishtar Music,37800000,14999240876,4535,Trailers,2005,3.78
73,GR6 EXPLODE,37600000,23912270526,4180,Music,2014,3.76
74,XXXTENTACION,37600000,9725253939,126,Music,2015,3.76
75,One Direction,37400000,12698961117,157,Music,2010,3.74
76,Shakira,37200000,23715669906,287,People & Blogs,2005,3.72
77,Kimberly Loaiza,37200000,4254148920,206,People & Blogs,2016,3.72
78,WorkpointOfficial,37000000,33773658170,62039,Entertainment,2012,3.7
79,Daddy Yankee,36800000,20479831396,423,Music,2011,3.68
80,Toys and Colors,36500000,40932580174,821,Entertainment,2016,3.65
81,CarryMinati,36300000,2948237121,178,Comedy,2014,3.63
83,Maroon 5,36000000,20838666788,163,Music,2006,3.6
84,shfa,35900000,19083355034,847,People & Blogs,2015,3.59
85,TEDx Talks,35900000,6660397688,185006,Nonprofits & Activism,2009,3.59
86,shfa2 - شفا,35800000,20816532667,1351,People & Blogs,2017,3.58
87,Jkk Entertainment,35700000,15133442317,194,Comedy,2017,3.57
88,Super Simple Songs - Kids Songs,35300000,37440873935,600,Education,2006,3.53
89,Bruno Mars,35300000,17395825825,97,Music,2006,3.53
90,Ozuna,35200000,21048440606,137,Music,2016,3.52
91,Masha and The Bear,35100000,19426654260,935,Shows,2014,3.51
92,one31,34400000,26969165355,128901,Entertainment,2013,3.44
93,Goldmines Gaane Sune Ansune,34300000,14212434275,3171,Music,2015,3.43
94,Like Nastya ESP,33600000,15934957738,630,Entertainment,2017,3.36
95,J Balvin,33600000,21489532517,134,Music,2011,3.36
96,Mikecrack,33500000,13775632479,1727,Gaming,2015,3.35
97,VEGETTA777,33400000,14948682643,7130,Gaming,2008,3.34
98,Ultra Bollywood,33400000,15508274562,9078,Trailers,2009,3.34
99,Markiplier,33300000,18701808550,5200,Gaming,2012,3.33
100,YouTube,33300000,2725286912,540,News & Politics,1970,3.33
101,ABP NEWS,33200000,10421462788,224455,People & Blogs,2012,3.32
102,Total Gaming,33200000,5935440954,1894,Gaming,2018,3.32
103,Maria Clara & JP,33100000,20224535670,627,People & Blogs,2015,3.31
104,Desi Music Factory,33000000,9481987642,125,Music,2014,3.3
105,Ryan's World,32900000,51721734476,2198,Entertainment,2015,3.29
106,Geet MP3,32800000,11575367431,563,Music,2016,3.28
107,Sony PAL,32700000,23519452138,19383,Shows,2014,3.27
108,NoCopyrightSounds,32700000,10436881173,1116,Music,2011,3.27
109,SSSniperWolf,32500000,20583922757,3095,Gaming,2013,3.25
110,T-Series Apna Punjab,32300000,18933492606,6524,Music,2011,3.23
111,ARY Digital HD,32200000,25304311207,71075,Entertainment,2016,3.22
112,KHANDESHI MOVIES,32100000,10676727914,191,Comedy,2013,3.21
113,IndiaTV,31900000,13417041251,237971,News & Politics,2006,3.19
114,HAR PAL GEO,31900000,26003463646,61818,Entertainment,2008,3.19
115,JustinBieberVEVO,31800000,25304909929,205,Music,2009,3.18
116,Ch3Thailand,31600000,20335720484,76039,Entertainment,2014,3.16
117,La Granja de Zenón,31500000,22808879757,558,Music,2013,3.15
118,GENIAL,31400000,6362416164,5453,Howto & Style,2017,3.14
119,Eros Now Music,31000000,16582648732,9807,Entertainment,2007,3.1
120,Luis Fonsi,30900000,14480846921,121,Entertainment,2014,3.09
121,Selena Gomez,30900000,11583101067,182,Film & Animation,2008,3.09
122,Galinha Pintadinha,30800000,22858782418,62,Film & Animation,2006,3.08
123,SMTOWN,30800000,25203004950,3951,Music,2006,3.08
124,Mr Bean,30700000,9936630200,2661,Shows,2006,3.07
125,Bollywood Classics,30600000,19244430138,2008,Music,2012,3.06
126,CVS 3D Rhymes & Kids Songs,30500000,18636699832,338,Education,2008,3.05
127,Ricis Official,30500000,5134450983,2003,People & Blogs,2016,3.05
128,Trap Nation,30400000,13348694779,2472,Music,2012,3.04
129,Rajshri,30300000,13287506122,3739,Music,2006,3.03
130,DisneyMusicVEVO,30100000,24693346235,1771,Music,2010,3.01
131,Dream,30000000,2673017855,110,Gaming,2014,3
132,The Tonight Show Starring Jimmy Fallon,29900000,16006240303,7897,Comedy,2006,2.99
133,AH,29900000,4082464979,1809,Entertainment,2014,2.99
134,Saregama Music,29700000,12147894890,5718,Entertainment,2013,2.97
135,Spinnin' Records,29600000,20075386002,10826,Music,2007,2.96
136,rezendeevil,29600000,12599347383,11571,Gaming,2012,2.96
137,Shawn Mendes,29500000,11742431673,132,Music,2011,2.95
139,Boram Tube Vlog [보람튜브 브이로그],29400000,13109187449,223,Entertainment,2012,2.94
140,BabyBus - Kids Songs and Cartoons,29200000,23790606514,1825,Education,2016,2.92
141,AuronPlay,29200000,3935938048,404,Comedy,2006,2.92
142,The Weeknd,29100000,19280816380,123,Music,2011,2.91
143,Maluma,28700000,19638529002,20,Music,2018,2.87
144,Adele,28700000,12650300730,14,Music,2008,2.87
145,jacksepticeye,28600000,15485608801,4988,Gaming,2007,2.86
146,ImagineDragons,28600000,14307239074,67,Music,2009,2.86
147,Worldwide Records Bhojpuri,28600000,14501468946,5927,Music,2012,2.86
148,Ultra Music,28600000,16201384834,4665,Music,2006,2.86
149,Jingle Toons,28600000,9728073444,228,Film & Animation,2013,2.86
150,ashish chanchlani vines,28600000,4054589048,147,Comedy,2009,2.86
151,PowerKids TV,28400000,14322875759,2509,Film & Animation,2014,2.84
152,MrBeast Gaming,28400000,4943059589,132,Gaming,2020,2.84
153,Peppa Pig - Official Channel,28200000,21008328965,2020,Film & Animation,2013,2.82
154,قناة طيور الجنة | toyoraljanahtv,28100000,25743323512,3131,Entertainment,2008,2.81
155,DONA 도나,28100000,18421172559,160,Entertainment,2018,2.81
156,Techno Gamerz,28100000,7193172591,839,Gaming,2017,2.81
157,Wow Kidz,28000000,14967441549,3718,Film & Animation,2015,2.8
158,Talking Tom,28000000,13908482957,447,Comedy,2010,2.8
159,The Late Late Show with James Corden,27900000,9996299350,5422,Entertainment,2006,2.79
160,Little Angel: Nursery Rhymes & Kids Songs,27700000,20217178677,1146,Education,2015,2.77
161,GMANetwork,27600000,26290731375,114067,Entertainment,2006,2.76
162,KAROL G,27400000,14040459862,121,Music,2013,2.74
163,TheDonato,27200000,5094142687,2491,Entertainment,2015,2.72
164,Vlad và Nikita,27100000,17117316552,405,Education,2018,2.71
165,Round2hell,27100000,2862422681,67,Comedy,2016,2.71
166,infobells - Tamil,26900000,16492704526,460,Education,2014,2.69
167,Drake,26800000,12947966180,53,Music,2009,2.68
168,MR. INDIAN HACKER,26800000,4592841527,812,Science & Technology,2012,2.68
169,Zee News,26700000,12175851183,144314,News & Politics,2007,2.67
170,ToypuddingTV,26600000,15570902183,2579,Entertainment,2014,2.66
171,Genevieve's Playhouse - Learning Videos for Kids,26500000,18579474197,578,Education,2016,2.65
172,Bounce Patrol - Kids Songs,26400000,18891028184,205,Music,2013,2.64
173,Wiz Khalifa,26400000,12528940373,598,Music,2008,2.64
174,infobells - Telugu,26300000,13426911345,421,Education,2014,2.63
175,enchufetv,26300000,10022194205,994,Comedy,2011,2.63
176,AboFlah,26300000,3589276436,553,Gaming,2016,2.63
177,DanTDM,26200000,18809615646,3603,Gaming,2012,2.62
178,Aditya Music,26100000,22661822099,19992,Music,2008,2.61
179,Lucas and Marcus,26100000,7942766503,968,Entertainment,2011,2.61
180,WORLDSTARHIPHOP,25900000,19426357466,6259,Music,2008,2.59
181,व्लाद और निकिता,25900000,15750623413,427,Unknown,2018,2.59
182,Michael Jackson,25800000,12588288710,7,Music,2005,2.58
183,TaylorSwiftVEVO,25800000,23276597783,239,Music,2009,2.58
184,toycantando,25800000,13948216340,496,Music,2009,2.58
185,VanossGaming,25700000,14907579962,1581,Gaming,2011,2.57
186,LosPolinesios,25600000,7086413849,725,People & Blogs,2012,2.56
187,1MILLION Dance Studio,25500000,7409442051,4251,Entertainment,2015,2.55
188,BB Ki Vines,25500000,4371751617,185,Entertainment,2015,2.55
189,Renato Garcia,25400000,6901320769,3648,Entertainment,2011,2.54
190,JYP Entertainment,25200000,17152981455,1502,Music,2008,2.52
191,RihannaVEVO,25200000,18089677017,106,Music,2009,2.52
192,Nick Jr.,25100000,20691684541,4712,Film & Animation,2012,2.51
193,Smosh,25000000,10184035967,1366,Comedy,2005,2.5
194,EminemVEVO,24900000,18786748261,98,Music,2009,2.49
195,Marília Mendonça,24900000,16477333283,114,Music,2013,2.49
196,Beyoncé,24900000,15717379166,234,Music,2005,2.49
197,Yuya,24900000,2583410213,672,Howto & Style,2009,2.49
198,KatyPerryVEVO,24800000,22679485513,171,Music,2009,2.48
199,Jess No Limit,24700000,3060187306,1914,Entertainment,2017,2.47
200,WatchMojo.com,24600000,15650528115,22492,Music,2007,2.46
201,Las Ratitas,24600000,9217427023,217,People & Blogs,2015,2.46
202,Nicki Minaj,24500000,9386490086,31,Music,2013,2.45
203,Super JoJo - Nursery Rhymes & Kids Songs,24400000,831718833,61,Education,2019,2.44
204,Goldmines Dishoom,24400000,7143695444,2844,Film & Animation,2016,2.44
205,David Guetta,24300000,15959928823,633,Music,2009,2.43
206,Masha y el Oso,24300000,11006209206,840,Film & Animation,2016,2.43
207,Aditya Movies,24300000,7908171009,4274,Movies,2012,2.43
208,Netflix,24300000,5678834326,5650,Entertainment,2012,2.43
209,ZHC,24300000,2224916696,298,Film & Animation,2013,2.43
210,Post Malone,24200000,12492313399,51,Music,2011,2.42
211,1theK (원더케이),24200000,22605283252,16928,Music,2011,2.42
212,Amit Bhadana,24100000,2242631303,93,Entertainment,2012,2.41
213,Rans Entertainment,24000000,5688277632,3060,People & Blogs,2015,2.4
214,Chloe Ting,24000000,2735828023,367,Howto & Style,2011,2.4
215,Sandeep Maheshwari,24000000,1821164544,513,People & Blogs,2012,2.4
216,Raffy Tulfo in Action,23900000,12797189774,8755,News & Politics,2016,2.39
217,KSI,23900000,5898102699,1242,Entertainment,2009,2.39
218,Collins Key,23900000,6368398946,251,Entertainment,2011,2.39
219,James Charles,23900000,3687600020,406,Entertainment,2015,2.39
220,Ninja,23900000,2447087199,1418,Gaming,2011,2.39
221,Coldplay,23500000,15078170011,347,Music,2010,2.35
222,Logan Paul,23500000,5889189870,712,Entertainment,2015,2.35
223,DJ Snake,23400000,7645734689,209,Music,2008,2.34
224,Chris Brown,23400000,13630944140,21,Music,2006,2.34
225,Happy Lives,23400000,10089784164,596,Science & Technology,2016,2.34
226,TRANS7 OFFICIAL,23300000,12454676964,78951,Entertainment,2014,2.33
227,Troom Troom,23200000,9797581328,1992,Howto & Style,2015,2.32
228,ABPLIVE,23200000,6805551423,146479,People & Blogs,2017,2.32
229,Mister Max,23100000,14762469807,1046,People & Blogs,2014,2.31
230,NickyJamTV,23100000,15050718616,328,Music,2012,2.31
231,Shemaroo Movies,23000000,5590554837,2155,Entertainment,2011,2.3
232,Sesame Street,22900000,21078177585,3425,Entertainment,2006,2.29
233,Enrique Iglesias,22900000,16539033540,405,Music,2007,2.29
234,netd müzik,22800000,50658927334,20482,Music,2014,2.28
235,Jelly,22800000,14239994409,5667,Gaming,2014,2.28
236,Erlania e Valentina Pontes,22700000,7556615404,1117,Film & Animation,2014,2.27
237,DrossRotzank,22500000,5743037460,1508,Entertainment,2006,2.25
238,Anuel AA,22400000,11627613226,92,Music,2016,2.24
239,Goldmines Bollywood,22400000,7122122133,2409,Film & Animation,2015,2.24
240,Miss Katy,22300000,13424354473,990,People & Blogs,2014,2.23
241,The Chainsmokers,22300000,13337815978,237,Music,2012,2.23
242,Crazy XYZ,22300000,5869132761,1085,Entertainment,2017,2.23
243,Frost Diamond,22300000,5357578673,2191,Gaming,2014,2.23
244,Mark Rober,22300000,2935811566,107,Science & Technology,2011,2.23
245,The Lallantop,22200000,8155335430,39370,News & Politics,2015,2.22
246,Technical Guruji,22200000,3065204553,4609,Science & Technology,2015,2.22
247,GMM GRAMMY OFFICIAL,22100000,24128528075,13755,Music,2010,2.21
248,HUM TV,22100000,16656148835,59428,Entertainment,2011,2.21
249,Like Nastya AE,22100000,11179266145,576,Entertainment,2018,2.21
250,WB Kids,22100000,9340794746,1722,People & Blogs,2015,2.21
251,Venus Movies,22100000,6293790011,2456,Entertainment,2010,2.21
252,OneDirectionVEVO,22000000,11550410746,266,Music,2010,2.2
253,Smile Family,22000000,8261468075,413,People & Blogs,2018,2.2
254,mmoshaya,21900000,16356422375,1139,People & Blogs,2010,2.19
255,Lady Gaga,21900000,13835267771,172,People & Blogs,2008,2.19
256,White Hill Music,21700000,9719487276,5094,Entertainment,2014,2.17
257,Paulo Londra,21700000,7061442001,52,Music,2016,2.17
258,America's Got Talent,21700000,4016933296,2751,Entertainment,2006,2.17
259,TED,21700000,2370380465,4005,People & Blogs,2006,2.17
260,Sia,21600000,12150226022,144,Music,2007,2.16
261,Diana and Roma ARA,21600000,9790033957,503,Education,2019,2.16
262,Wave Music Bhojpuri,21500000,12148385591,21294,Music,2014,2.15
263,Peppa Pig Español Latino - Canal Oficial,21500000,6961098158,949,Film & Animation,2014,2.15
264,FaZe Rug,21500000,6009951177,1997,Gaming,2012,2.15
265,Goldmines Movies,21400000,4575205400,4025,Film & Animation,2013,2.14
266,Pen Movies,21200000,5588648749,1569,Film & Animation,2014,2.12
267,nigahiga,21200000,4357416327,403,Entertainment,2006,2.12
268,BabyBus - Canciones Infantiles & Cuentos,21100000,11922457689,973,Education,2018,2.11
269,Enaldinho,21100000,7382859153,2908,Comedy,2012,2.11
270,SSundee,21000000,12022708572,3067,Gaming,2009,2.1
271,Tasty,21000000,5508445771,4310,Howto & Style,2016,2.1
272,FGTeeV,20900000,22567064225,1594,Gaming,2013,2.09
273,Dua Lipa,20900000,9928011592,164,Music,2011,2.09
274,5-Minute Crafts DIY,20900000,4934552904,3961,Howto & Style,2018,2.09
275,Juan De Dios Pantoja,20900000,1601142353,175,Entertainment,2014,2.09
276,Indosiar,20800000,10126082404,58623,Music,2013,2.08
277,Like Nastya PRT,20800000,10441789042,529,Entertainment,2019,2.08
278,Preston,20800000,6955897177,3861,Gaming,2012,2.08
279,Baim Paula,20800000,4254648656,1957,People & Blogs,2016,2.08
280,Charlie Puth,20700000,8609202215,132,Music,2009,2.07
281,Canal Canalha,20700000,1834293432,291,Comedy,2011,2.07
282,MrBeast en Español,20700000,2290112686,72,Entertainment,2021,2.07
283,Goldmines Cineplex,20600000,1796017693,2474,Film & Animation,2015,2.06
284,Brent Rivera,20500000,4655819045,484,Comedy,2009,2.05
285,Kids TV - Nursery Rhymes And Baby Songs,20400000,11747446967,3367,Shows,2013,2.04
286,Disney Latinoamérica,20400000,19296050086,7811,Entertainment,2007,2.04
287,Becky G,20400000,9552800638,73,Music,2011,2.04
288,Family GamesTV,20400000,7061690830,277,Entertainment,2016,2.04
289,Jake Paul,20400000,7219140294,934,People & Blogs,2013,2.04
290,National Geographic,20400000,5199519260,9854,Science & Technology,2006,2.04
291,Tekashi 6ix9ine,20400000,5325195339,25,People & Blogs,2018,2.04
292,BuzzFeedVideo,20300000,17755714250,7347,People & Blogs,2011,2.03
293,Brave Wilderness,20300000,4606459332,718,Pets & Animals,2014,2.03
294,D Billions,20200000,21872499520,429,Education,2019,2.02
295,Avicii,20200000,9499913181,149,Music,2009,2.02
296,REACT,20100000,12940702514,3885,Entertainment,2007,2.01
297,LazarBeam,20100000,8389982773,1258,Gaming,2015,2.01
298,StarPlus,20100000,12116551500,12702,Entertainment,2006,2.01
299,AuthenticGames,20100000,8852635760,4638,Gaming,2011,2.01
300,Vevo,20000000,546905035,1519,Music,2006,2
301,Skrillex,20000000,6307539008,180,Music,2010,2
302,Rotana,20000000,16480938259,8109,Music,2012,2
303,Ultra Movie Parlour,20000000,4930920530,1302,Movies,2011,2
304,SlivkiShow,20000000,4345234891,426,Entertainment,2012,2
305,HaerteTest,20000000,3027361293,1160,Science & Technology,2011,2
306,5-Minute Crafts PLAY,19900000,5616881420,4440,Howto & Style,2017,1.99
307,Alan Becker,19900000,4321286202,116,Film & Animation,2006,1.99
308,JennaMarbles,19900000,1761774908,250,Comedy,2010,1.99
309,Mnet K-POP,19800000,15394134862,29028,Entertainment,2006,1.98
310,Lyrical Lemonade,19800000,9563010656,408,Entertainment,2013,1.98
311,Pencilmation,19800000,10849211839,1153,Film & Animation,2007,1.98
312,Tlnovelas,19700000,12776498114,29574,News & Politics,2013,1.97
313,Pentatonix,19700000,5694327707,235,Music,2011,1.97
314,Totoy kids - Português,19700000,3826474945,174,Film & Animation,2014,1.97
315,LankyBox,19600000,25787517689,5545,Comedy,2016,1.96
316,toyorbabytv,19600000,13978892435,1057,Music,2012,1.96
317,Vlad and Niki Arabic,19600000,9147535900,417,Education,2018,1.96
318,shane,19600000,4269173489,566,People & Blogs,2005,1.96
319,Marvel Entertainment,19500000,5098361752,7989,Entertainment,2005,1.95
320,Noor Stars,19500000,2545886796,627,Comedy,2014,1.95
321,GMA Public Affairs,19400000,11968987179,37390,Entertainment,2009,1.94
322,Romeo Santos,19400000,14819598563,28,Music,2005,1.94
323,Got Talent Global,19400000,7383775138,2454,Entertainment,2013,1.94
324,Dr. Vivek Bindra: Motivational Speaker,19400000,1478660028,683,Education,2013,1.94
325,Linkin Park,19300000,11783975855,592,Music,2006,1.93
326,Gordon Ramsay,19300000,3631748240,1287,Entertainment,2006,1.93
327,Troom Troom Es,19200000,7139476227,2591,People & Blogs,2016,1.92
328,Gusttavo Lima Oficial,19200000,11815001366,335,Music,2010,1.92
329,Kinder Spielzeug Kanal,19200000,9413508600,699,Entertainment,2015,1.92
330,Infinite,19200000,4383533818,1517,Entertainment,2014,1.92
331,Deddy Corbuzier,19200000,4075368246,1132,Entertainment,2009,1.92
333,Robin Hood Gamer,19100000,9328209625,3750,Entertainment,2014,1.91
334,★ Kids Roma Show,19100000,6410853410,589,People & Blogs,2015,1.91
335,Fatos Desconhecidos,19100000,3252868093,5240,Entertainment,2013,1.91
336,JukiLop,19100000,1540403509,85,People & Blogs,2017,1.91
337,Crafty Panda,19000000,5672497949,613,People & Blogs,2017,1.9
338,Kurzgesagt – In a Nutshell,19000000,2052293685,161,Education,2013,1.9
339,DLS News,19000000,1946197106,3559,News & Politics,2017,1.9
340,NBA,18900000,10791851871,42086,Sports,2005,1.89
341,Jimmy Kimmel Live,18800000,12472520905,6073,Entertainment,2006,1.88
342,The ACE Family,18800000,4497282091,668,People & Blogs,2016,1.88
343,Clash of Clans,18800000,3623586697,553,Gaming,2013,1.88
344,Sun TV,18700000,13622998578,34648,People & Blogs,2016,1.87
345,Ninja Kidz TV,18700000,9145485770,267,Entertainment,2017,1.87
346,Netflix India,18700000,5228700571,2707,People & Blogs,2016,1.87
347,Beast Reacts,18700000,2528480817,215,People & Blogs,2016,1.87
348,Britain's Got Talent,18600000,10512530241,3735,Entertainment,2008,1.86
349,TRT Originals Urdu,18600000,7370103100,740,Entertainment,2020,1.86
350,Lil Nas X,18600000,5659051618,37,Music,2018,1.86
351,Calvin Harris,18500000,14886853329,76,Music,2007,1.85
352,Green Gold TV - Official Channel,18500000,8985315647,1090,Film & Animation,2011,1.85
353,TheWillyrex,18500000,6957319094,6798,Comedy,2011,1.85
354,Cardi B,18500000,7069624864,60,People & Blogs,2016,1.85
355,invictor,18500000,7050721828,2106,Gaming,2013,1.85
356,shakiraVEVO,18400000,22257341033,189,Music,2009,1.84
357,CKN,18300000,18786377776,814,Entertainment,2015,1.83
358,Official Pink Panther,18300000,9942133522,629,Film & Animation,2013,1.83
359,Sonotek,18300000,7133240982,8169,Entertainment,2011,1.83
360,MiawAug,18200000,5236302709,3287,Gaming,2014,1.82
361,KBS WORLD TV,18200000,13926619677,58485,Entertainment,2007,1.82
362,Turma da Mônica,18200000,13088159940,1094,Film & Animation,2012,1.82
363,CookieSwirlC,18200000,20938593710,3571,Entertainment,2013,1.82
364,David Dobrik,18200000,7087407988,536,People & Blogs,2014,1.82
365,Unbox Therapy,18200000,4332532776,2053,Science & Technology,2010,1.82
366,The Royalty Family,18200000,4490004408,633,People & Blogs,2017,1.82
367,A_S Gaming,18200000,2476464261,932,Gaming,2016,1.82
368,HiMan,18200000,2367699484,326,People & Blogs,2014,1.82
369,BabyBus - Cerita & Lagu Anak-anak,18100000,10232250581,672,Education,2019,1.81
370,Dan-Sa / Daniel Saboya,18100000,6165702828,2062,Music,2007,1.81
371,Vania Mania Kids,18100000,6908411472,825,People & Blogs,2015,1.81
372,PDK Films,18100000,3910330714,108,Entertainment,2009,1.81
373,GEN HALILINTAR,18100000,3178960318,969,Entertainment,2015,1.81
374,ElTrollino,18000000,5486103239,1517,Entertainment,2013,1.8
375,Мирошка ТВ,18000000,4603751673,84,Education,2018,1.8
376,TheOdd1sOut,18000000,4023496321,113,Comedy,2014,1.8
377,INCRÍVEL,18000000,3017467860,5682,People & Blogs,2017,1.8
378,Emiway Bantai,18000000,3038899728,201,Music,2013,1.8
379,Vsauce,18000000,2415927927,391,Science & Technology,2007,1.8
380,Farruko,17900000,8480000414,193,Music,2009,1.79
381,Diana and Roma EN,17900000,3868166958,424,People & Blogs,2011,1.79
382,ArianaGrandeVevo,17800000,19011269725,177,Music,2010,1.78
383,Like Nastya Vlog,17800000,7561933732,397,People & Blogs,2016,1.78
384,Demi Lovato,17800000,6495131112,282,Music,2008,1.78
385,Lele Pons,17800000,4958584356,154,Comedy,2015,1.78
386,Lil Pump,17800000,4091109829,59,Music,2015,1.78
387,Naisa Alifia Yuriza (N.A.Y),17800000,2521515641,1462,People & Blogs,2017,1.78
388,SCTV,17700000,8588329369,50080,Entertainment,2011,1.77
389,Good Mythical Morning,17700000,8074270215,2980,Entertainment,2008,1.77
390,TheGrefg,17700000,6077820746,3332,Gaming,2012,1.77
391,Ali-A,17700000,5766028299,3920,Gaming,2006,1.77
392,Marmok,17700000,3131925799,344,Gaming,2008,1.77
393,Mother Goose Club Playhouse,17600000,15500399390,1282,Shows,2009,1.76
394,RsiamMusic : อาร์สยาม,17600000,10952154122,2663,Music,2011,1.76
395,Little Angel Español - Canciones Infantiles,17600000,8525569510,580,Education,2018,1.76
396,Познаватель,17600000,8522826642,476,Entertainment,2014,1.76
397,JFlaMusic,17600000,3657526529,282,Music,2011,1.76
398,Village Cooking Channel,17600000,4477436881,211,Howto & Style,2018,1.76
399,FactTechz,17500000,2112929572,578,Entertainment,2016,1.75
400,Sebastián Yatra,17400000,9316925082,196,News & Politics,2013,1.74
401,officialpsy,17400000,9825292199,119,Music,2010,1.74
402,Vlad and Niki IDN,17400000,8231518268,392,Education,2018,1.74
403,Porta dos Fundos,17400000,7258838590,1960,Entertainment,2012,1.74
404,Liza Koshy,17400000,2595554113,189,Comedy,2013,1.74
405,etvteluguindia,17300000,19465295267,111360,Entertainment,2010,1.73
406,Vijay Television,17300000,19901616359,27059,Entertainment,2007,1.73
407,TED-Ed,17300000,3287834094,1948,Education,2011,1.73
408,Stubborn Facts,17300000,827786482,217,Film & Animation,2016,1.73
409,PopularMMOs,17200000,14475783059,4686,Gaming,2012,1.72
410,SQUEEZIE,17200000,9258609822,1471,Gaming,2011,1.72
411,Masha e o Urso,17200000,7131816532,856,Shows,2016,1.72
412,Willyrex,17200000,4808457361,6686,Gaming,2009,1.72
413,RobleisIUTU,17200000,4680573231,1145,Entertainment,2013,1.72
414,EeOneGuy,17200000,3804413513,363,Entertainment,2013,1.72
415,LuisFonsiVEVO,17100000,14008585257,96,Music,2009,1.71
416,GRAMMY GOLD OFFICIAL,17100000,17974040182,5334,Music,2014,1.71
417,SUPER SLICK SLIME SAM,17100000,6078466417,741,Howto & Style,2018,1.71
418,HowToBasic,17100000,3561001854,563,Howto & Style,2011,1.71
419,李子柒 Liziqi,17100000,2801548472,128,Howto & Style,2017,1.71
420,Gaby and Alex,17000000,7942553236,351,Entertainment,2012,1.7
421,شبكة العاب العرب | Arab Games Network,17000000,7723277433,5515,Gaming,2013,1.7
422,Kiddiestv Hindi - Nursery Rhymes & Kids Songs,17000000,6221383175,192,Education,2017,1.7
423,Rafa & Luiz,17000000,6273315738,2184,Entertainment,2015,1.7
424,Khan GS Research Centre,17000000,1670639781,347,Education,2019,1.7
425,हिंदी - Genevieve's Playhouse,16900000,9195178282,96,Education,2018,1.69
426,الـريماس - Al-Remas,16900000,10550888024,2047,Music,2013,1.69
427,Junya.じゅんや,16900000,9529205653,3150,Entertainment,2020,1.69
428,Guava Juice,16900000,8614218175,1754,Gaming,2006,1.69
429,Doggy Doggy Cartoons,16800000,6459285262,4723,Entertainment,2012,1.68
430,IGN,16800000,14633922961,149770,Gaming,2006,1.68
431,Jason Derulo,16800000,8808599101,451,Music,2008,1.68
432,Maya and Mary,16800000,6304251610,539,Entertainment,2013,1.68
433,DUDU e CAROL,16700000,6530946230,2874,Autos & Vehicles,2013,1.67
434,Jane ASMR 제인,16700000,6443586305,1546,Music,2012,1.67
435,Anitta,16700000,6610175435,99,Music,2011,1.67
436,Werever2morro,16700000,2714071108,972,Entertainment,2007,1.67
437,Triggered Insaan,16700000,2657491028,265,Comedy,2014,1.67
438,7clouds,16600000,11637964945,1940,Music,2013,1.66
439,Tu COSMOPOLIS,16600000,4875900353,6796,People & Blogs,2014,1.66
440,DeToxoMoroxo,16600000,2212149791,488,Entertainment,2012,1.66
441,Sourav Joshi Vlogs,16500000,5970849535,1039,People & Blogs,2019,1.65
442,TheBrianMaps,16500000,4090289417,476,Comedy,2012,1.65
443,Manual do Mundo,16500000,3367572384,2117,Howto & Style,2006,1.65
444,SonyMusicSouthVEVO,16400000,15090557603,4304,Music,2014,1.64
445,zbing z.,16400000,8307904773,2763,Gaming,2014,1.64
446,Dhar Mann,16400000,8642459264,649,People & Blogs,2018,1.64
447,IDEAS EN 5 MINUTOS,16400000,3509049258,4658,Howto & Style,2017,1.64
448,W2S,16300000,4739609055,653,Gaming,2012,1.63
449,Shemaroo Comedy,16300000,4923411314,3467,Entertainment,2007,1.63
450,ExtraPolinesios,16300000,4696367446,480,People & Blogs,2012,1.63
451,Goldmines Great Indian Comedy,16300000,4238595667,2008,Film & Animation,2016,1.63
452,Prajapati News,16300000,907965523,1081,Comedy,2013,1.63
453,SOMOY TV,16200000,9476895180,124072,News & Politics,2015,1.62
454,Sony AATH,16200000,10718891416,14759,Shows,2013,1.62
455,Miley Cyrus,16200000,6235405830,124,Entertainment,2009,1.62
456,Sandra Cires Art,16200000,3702173328,953,Howto & Style,2011,1.62
457,tanboy kun,16200000,3020272233,582,People & Blogs,2016,1.62
458,Sidhu Moose Wala,16200000,4078330367,111,Music,2017,1.62
459,Blippi - Educational Videos for Kids,16100000,12991967769,453,Education,2014,1.61
460,Queen Official,16100000,9723539941,908,Music,2008,1.61
461,Travis Scott,16100000,7187033169,13,Music,2013,1.61
462,Les' Copaque Production,16100000,7954662776,1427,Film & Animation,2009,1.61
463,Zuni and Family,16100000,5830669187,176,People & Blogs,2017,1.61
464,Sidemen,16100000,4196033350,264,Entertainment,2015,1.61
465,The Game Theorists,16100000,3546490692,659,Gaming,2009,1.61
466,Antrax,16100000,2949891202,654,Gaming,2015,1.61
467,Canal IN,16100000,2573050059,723,People & Blogs,2017,1.61
468,Dushyant kukreja,16000000,11095340736,571,Entertainment,2015,1.6
469,TRANS TV Official,16000000,8780937851,123467,Entertainment,2014,1.6
470,Little Mix,16000000,7047968268,278,Music,2011,1.6
471,RKD Studios,16000000,4133234619,622,Entertainment,2014,1.6
472,FailArmy,16000000,2041620563,337,Comedy,2011,1.6
473,El Reino a Jugar,15900000,10175537321,872,Education,2015,1.59
474,DopeLyrics,15900000,9803533121,1937,Music,2016,1.59
475,Boyce Avenue,15900000,6230190520,438,Music,2007,1.59
476,Camila Cabello,15900000,6086165889,61,Music,2015,1.59
477,VICE,15900000,4174962442,3694,Entertainment,2005,1.59
478,Kaykai Salaider,15900000,4248704474,399,Comedy,2011,1.59
479,Fede Vigevani,15900000,4745414554,865,Howto & Style,2009,1.59
480,Marques Brownlee,15900000,3082486680,1454,Science & Technology,2008,1.59
481,jeffreestar,15900000,2575183135,428,Howto & Style,2006,1.59
482,Apple,15900000,808136104,205,Science & Technology,2005,1.59
483,Kids Play,15800000,7713981883,545,Entertainment,2018,1.58
484,Aayu and Pihu Show,15800000,7837311552,352,Comedy,2017,1.58
485,JJ Olatunji,15800000,3631494389,1183,Gaming,2011,1.58
486,Katie Angel,15800000,3007947714,732,People & Blogs,2015,1.58
487,MissaSinfonia,15800000,1918777559,232,Comedy,2011,1.58
488,AMARINTV : อมรินทร์ทีวี,15700000,11194074075,97231,Entertainment,2014,1.57
489,Rotten Tomatoes Trailers,15700000,12811981848,9582,Film & Animation,2011,1.57
490,Pitbull,15700000,11458130113,302,Music,2006,1.57
491,Enes Batur,15700000,9410061135,1979,Gaming,2012,1.57
492,Jennifer Lopez,15700000,9512025119,224,Music,2005,1.57
493,Jason Vlogs,15700000,7137778517,666,Education,2015,1.57
494,Alejo Igoa,15700000,5276127016,699,Comedy,2014,1.57
495,Matt Stonie,15700000,3249162653,401,Entertainment,2012,1.57
496,Caeli YT,15700000,1509244860,545,Entertainment,2010,1.57
497,Pop Chartbusters,15600000,7817983360,2154,Music,2011,1.56
498,Tilak,15600000,6132515137,3614,Film & Animation,2020,1.56
499,AdMe,15600000,4012749893,5356,Entertainment,2015,1.56
500,FunFun Toy Doll TV,15500000,6948469648,706,Entertainment,2016,1.55
501,News24,15500000,5982443648,157377,News & Politics,2014,1.55
502,Roman Atwood Vlogs,15500000,5442036950,1726,People & Blogs,2013,1.55
503,Dyland PROS,15500000,1294519810,1803,Entertainment,2015,1.55
504,Gato Galactico | GALÁXIA,15400000,5602802498,2085,Film & Animation,2013,1.54
505,FitDance,15400000,6541827030,3537,Music,2013,1.54
506,Smile Family Spanish,15400000,5534075089,343,Education,2019,1.54
507,wifistudy,15400000,2805232542,46290,Education,2014,1.54
509,RCTI - LAYAR DRAMA INDONESIA,15300000,12818689835,58886,Entertainment,2015,1.53
510,SriBalajiMovies,15200000,8199671601,16953,Entertainment,2011,1.52
511,Oyuncak Avı,15200000,8085387780,544,Entertainment,2014,1.52
512,AdeleVEVO,15200000,11470355227,51,Music,2009,1.52
513,Camilo,15200000,6003697328,80,Music,2010,1.52
514,Kerajinan 5-Menit,15200000,4465727515,3392,People & Blogs,2018,1.52
515,Bizarrap,15200000,4683488651,78,Comedy,2017,1.52
516,T3ddy,15200000,2528566554,1700,Comedy,2012,1.52
517,Musas,15200000,2359375167,611,Howto & Style,2012,1.52
518,Dan Rhodes,15100000,10715145365,1315,Entertainment,2015,1.51
519,With Kids[위드키즈],15100000,7990515155,863,Entertainment,2012,1.51
520,And TV,15100000,11583824903,26477,Entertainment,2015,1.51
521,TheRichest,15100000,2919203136,2206,Education,2014,1.51
522,LOKESH GAMER,15100000,1535589708,1186,Gaming,2017,1.51
523,Technoblade,15100000,1488692745,988,Gaming,2013,1.51
524,Ch7HD,15000000,11688798550,49889,Entertainment,2010,1.5
525,POPS Kids,15000000,8678492072,4478,Music,2014,1.5
526,SAM SMITH,15000000,8769075543,67,Music,2012,1.5
527,Like Nastya IDN,15000000,6483845834,430,Entertainment,2019,1.5
528,Like Nastya VNM,15000000,8132415475,456,Entertainment,2019,1.5
529,5-Minute Crafts FAMILY,15000000,5438131771,3440,People & Blogs,2018,1.5
530,zayn,15000000,4559692349,14,Music,2016,1.5
531,Makiman131,15000000,4484263923,3102,Gaming,2013,1.5
532,حِرف إبداعية في 5 دقائق,15000000,4160511912,4404,Howto & Style,2017,1.5
533,Stokes Twins,15000000,2774875062,216,People & Blogs,2008,1.5
534,Ranz Kyle,15000000,1678559984,479,People & Blogs,2008,1.5
535,НТВ,14900000,439098,1,People & Blogs,2008,1.49
536,Henrique e Juliano,14900000,12484253152,285,Music,2009,1.49
537,LEGO,14900000,18840617532,28683,Entertainment,2005,1.49
538,Volga Video,14900000,9171517368,18735,Film & Animation,2012,1.49
539,Lahari Music | T-Series,14900000,10469251425,8169,Music,2011,1.49
540,Kwebbelkop,14900000,6655475239,4951,Gaming,2008,1.49
541,Talking Tom & Friends,14900000,6178735188,392,Entertainment,2010,1.49
542,Mariale,14900000,2568493946,1918,Howto & Style,2010,1.49
543,Harsh Beniwal,14900000,1630452954,158,Comedy,2015,1.49
544,GMMTV OFFICIAL​​,14800000,10387146066,19368,Entertainment,2010,1.48
545,BIGBANG,14800000,7353265213,776,Music,2005,1.48
546,La Rosa de Guadalupe,14800000,8349695433,5225,Entertainment,2015,1.48
547,Dave and Ava - Nursery Rhymes and Baby Songs,14800000,9864262216,732,Education,2014,1.48
548,League of Legends,14800000,6604382784,1340,Gaming,2009,1.48
549,Super Senya,14800000,4790199895,525,Entertainment,2016,1.48
550,Lachlan,14800000,5013387703,3646,Gaming,2013,1.48
551,Reaction Time,14800000,4255591418,1684,Entertainment,2015,1.48
552,ERB,14800000,3905723697,85,Entertainment,2006,1.48
553,YOLO AVENTURAS,14800000,3689834035,976,People & Blogs,2018,1.48
554,MrBeast Shorts,14800000,1938796955,87,People & Blogs,2020,1.48
555,Niana Guerrero,14800000,1359023136,391,Entertainment,2013,1.48
556,Zé Neto e Cristiano,14700000,10398104437,212,Music,2012,1.47
557,Dangal TV Channel,14700000,8282592676,8625,Entertainment,2017,1.47
558,MK MUSIC,14700000,7773089325,4624,Music,2010,1.47
559,NDTV India,14700000,5647481648,65241,News & Politics,2008,1.47
560,les boys tv2,14700000,4518966874,381,Entertainment,2017,1.47
561,iTownGamePlay *Terror&Diversión*,14700000,4784433628,7674,Entertainment,2012,1.47
562,Planeta das Gêmeas,14700000,4468774867,899,People & Blogs,2015,1.47
563,IDEIAS INCRÍVEIS,14700000,3498040367,4643,Howto & Style,2017,1.47
564,Linus Tech Tips,14700000,6062569897,5864,Science & Technology,2008,1.47
565,Maroon5VEVO,14600000,18917303323,143,Music,2009,1.46
566,Major Lazer Official,14600000,8886913617,407,Music,2009,1.46
567,Jorge & Mateus Oficial,14600000,7981563626,294,Music,2008,1.46
568,NMF News,14600000,6090840731,95987,News & Politics,2013,1.46
569,BBC News Hindi,14600000,5544547819,16437,News & Politics,2009,1.46
570,Lilly Singh,14600000,3480250258,858,Comedy,2010,1.46
571,MattyBRaps,14600000,3226020734,175,Music,2010,1.46
572,Daftar Populer,14600000,1859586741,2898,Education,2017,1.46
573,LEGENDA FUNK,14600000,1310544121,2250,Music,2013,1.46
574,SelenaGomezVEVO,14500000,10323589482,183,Music,2009,1.45
575,El Payaso Plim Plim,14500000,12573029533,992,Film & Animation,2013,1.45
576,Fueled By Ramen,14500000,12629200270,1190,Music,2006,1.45
577,Thairath Online,14500000,11995915981,209097,News & Politics,2010,1.45
578,CollegeHumor,14500000,7331868655,3307,Comedy,2006,1.45
579,Bollywood Classics,14500000,6036342725,1147,Entertainment,2011,1.45
580,Zhong,14500000,9685321623,1081,Entertainment,2015,1.45
581,Wow Kidz Action,14500000,6378481319,1445,Film & Animation,2017,1.45
582,News18 India,14500000,5069817134,120858,News & Politics,2007,1.45
583,XpressTV,14500000,3644137000,630,Entertainment,2014,1.45
584,Maha Fun Tv,14500000,2385190008,51,Entertainment,2017,1.45
585,Mobile Legends: Bang Bang Official,14500000,2655046551,2410,Gaming,2016,1.45
586,حقائق وأسرار,14500000,2175911149,1312,Entertainment,2016,1.45
587,Drawblogs,14500000,1694934569,362,Entertainment,2014,1.45
588,Canal Nostalgia,14500000,1416689094,370,Entertainment,2008,1.45
589,Fifth Harmony,14400000,7526971366,67,Music,2013,1.44
590,Team Films Bhojpuri,14400000,6164527861,20085,Music,2014,1.44
591,Chad Wild Clay,14400000,6161605244,630,Comedy,2006,1.44
592,Boram Tube ToysReview [보람튜브 토이리뷰],14400000,4914128767,568,People & Blogs,2016,1.44
593,Martin Garrix,14400000,5558117744,305,Music,2011,1.44
594,LIV Crime,14400000,7061275751,4281,People & Blogs,2020,1.44
595,Super Polina,14400000,4812187551,539,People & Blogs,2014,1.44
596,Rclbeauty101,14400000,3919524704,478,Comedy,2010,1.44
597,TWICE,14400000,3733683543,852,Music,2016,1.44
598,Arif muhammad,14400000,3400090845,428,People & Blogs,2017,1.44
599,Cyprien,14400000,3005899595,205,Comedy,2007,1.44
600,The Slow Mo Guys,14400000,2346592288,297,Entertainment,2010,1.44
601,Дима Масленников,14400000,2013234398,401,Entertainment,2014,1.44
602,Genierock,14300000,13310308313,1540,Music,2008,1.43
603,mujjuu___14,14300000,9548597909,556,People & Blogs,2020,1.43
604,PlayStation,14300000,4230572281,17878,Gaming,2005,1.43
605,Gyan Gamingㅤ,14300000,2081351545,2514,Gaming,2017,1.43
606,Zach King,14300000,2014152450,398,Entertainment,2013,1.43
607,It's Mamix,14300000,1547521967,200,People & Blogs,2017,1.43
608,Hear This Music,14200000,8511385256,38,Music,2016,1.42
609,Unspeakable,14200000,7365642885,668,Gaming,2016,1.42
610,SIS vs BRO,14200000,6767838159,357,Entertainment,2016,1.42
611,Mohamed Ramadan I محمد رمضان,14200000,4812994887,599,People & Blogs,2014,1.42
612,Trap City,14200000,4885163357,2554,Music,2012,1.42
613,Totoy kids - Español,14200000,4533034236,167,Film & Animation,2017,1.42
614,Camila Loures,14200000,4189052804,3429,Music,2014,1.42
615,Zach Choi ASMR,14200000,2512937687,638,People & Blogs,2014,1.42
616,MalumaVEVO,14100000,17905081262,168,Music,2011,1.41
617,ABS-CBN News,14100000,9438904191,174684,News & Politics,2009,1.41
618,CNN,14100000,12083277333,155569,News & Politics,2005,1.41
619,Zee Music Classic,14100000,5021164640,964,Music,2014,1.41
620,ช่อง8 : Thai Ch8,14100000,5221155648,20582,Entertainment,2011,1.41
621,Daily Dose Of Internet,14100000,4265711762,396,Entertainment,2015,1.41
622,Invento na Hora,14100000,3851507257,1189,Film & Animation,2014,1.41
623,#Refugio Mental,14100000,3410001605,688,Entertainment,2013,1.41
624,Anasala I أنس و أصالة,14100000,3068619934,407,Entertainment,2017,1.41
625,Мастерская Настроения,14000000,3636809960,891,Entertainment,2013,1.4
626,Aphmau,14000000,13364784369,3996,Gaming,2012,1.4
627,O Canal do Joãozinho - Little Angel Português,14000000,7752154061,649,Entertainment,2018,1.4
628,Трум Трум,14000000,6272005457,1987,Howto & Style,2015,1.4
629,AM3NlC,14000000,4816638383,5446,Gaming,2012,1.4
630,F2Freestylers - Ultimate Soccer Skills Channel,14000000,3152582636,777,Sports,2011,1.4
631,A2 Motivation by {Arvind Arora},13900000,8013016996,2340,Entertainment,2017,1.39
632,Taarak Mehta Ka Ooltah Chashmah,13900000,8048210407,2519,Entertainment,2014,1.39
633,EdisonPts,13900000,5606959168,3490,Gaming,2013,1.39
634,UFC - Ultimate Fighting Championship,13900000,5422335319,12258,Sports,2006,1.39
635,Kuplinov ► Play,13900000,5778034318,6400,Gaming,2012,1.39
636,CoryxKenshin,13900000,5816295650,1628,Gaming,2009,1.39
637,DM - Desi Melodies,13900000,5056080182,45,Music,2017,1.39
638,Bie The Ska,13900000,4427609230,1349,Entertainment,2006,1.39
639,Saad Lamjarred | سعد لمجرد,13900000,3931202248,156,Music,2012,1.39
640,Doc Tops,13900000,2469411668,437,Entertainment,2014,1.39
641,Mis Pastelitos,13900000,2382268150,534,Howto & Style,2014,1.39
642,NikkieTutorials,13900000,1562768226,852,Howto & Style,2008,1.39
643,FC Barcelona,13800000,2203376862,9960,Sports,2006,1.38
644,Blippi Español,13800000,7685405847,408,People & Blogs,2017,1.38
645,Daniel LaBelle,13800000,7013383323,224,Comedy,2009,1.38
646,melanie martinez,13800000,3835968267,96,Music,2007,1.38
647,Rosanna Pansino,13800000,4057054946,1007,Howto & Style,2010,1.38
648,Auron,13800000,2583408205,694,People & Blogs,2013,1.38
649,NOBRU,13700000,225191097,344,Gaming,2016,1.37
650,Mazhavil Manorama,13700000,13822177908,70454,Entertainment,2011,1.37
651,MNCTV OFFICIAL,13700000,7394853164,54722,Entertainment,2012,1.37
652,ADEL et SAMI,13700000,5660289473,362,Entertainment,2018,1.37
653,NichLmao,13700000,7269291992,562,People & Blogs,2018,1.37
654,Hongyu ASMR 홍유,13700000,4285457943,515,People & Blogs,2018,1.37
655,Dang Matt Smith,13700000,3101895284,1372,Entertainment,2011,1.37
656,Darkar Company Studios,13700000,2201167967,164,Film & Animation,2009,1.37
657,MAIKI021,13700000,1893820151,2919,Entertainment,2008,1.37
658,Wengie,13700000,1882235841,373,Howto & Style,2010,1.37
659,GMM25Thailand,13600000,8727207691,53533,Entertainment,2011,1.36
660,50 Cent,13600000,8649139354,417,Music,2007,1.36
661,Lyna,13600000,5801199256,4452,Gaming,2014,1.36
662,TazerCraft,13600000,5325454303,3977,Gaming,2011,1.36
663,CrashCourse,13600000,1699669363,1436,Education,2006,1.36
664,Zig & Sharko,13500000,8306091825,826,Film & Animation,2015,1.35
665,5-Minute Crafts Recycle,13500000,7508843409,2770,People & Blogs,2019,1.35
666,Aadishakti Films,13500000,5860777243,4599,Music,2016,1.35
667,infobells,13500000,4977566807,463,Education,2011,1.35
668,The World Adventures हिन्दी,13500000,2116009610,854,People & Blogs,2016,1.35
669,PlayHard,13500000,1926532344,2138,Gaming,2014,1.35
670,Neha Kakkar,13500000,1792757553,122,Music,2012,1.35
671,ZEE5,13400000,15778544226,69731,Entertainment,2018,1.34
672,Jake Fellman,13400000,10047123955,352,Entertainment,2012,1.34
673,ABC News,13400000,11589784991,71206,News & Politics,2006,1.34
674,Gallina Pintadita,13400000,9054727117,59,Music,2011,1.34
675,Telemundo,13400000,7855326888,18325,Entertainment,2007,1.34
676,Wesley Safadão,13400000,7301307830,371,Music,2009,1.34
677,AzzyLand,13400000,6045422126,1620,Gaming,2015,1.34
678,FAPTV,13400000,4975821188,595,Comedy,2014,1.34
679,TV Ana Emilia,13400000,4344884807,493,People & Blogs,2014,1.34
680,Harry Styles,13400000,4427208053,13,People & Blogs,2017,1.34
681,Lindsey Stirling,13400000,3533680308,172,Music,2007,1.34
682,Kurt Hugo Schneider,13400000,3659613327,681,Entertainment,2007,1.34
683,Narins Beauty,13400000,2046344368,406,Howto & Style,2014,1.34
684,Kim Loaiza,13400000,1092248349,12,Music,2019,1.34
685,YOLO,13400000,638326662,117,Comedy,2015,1.34
686,jbalvinVEVO,13300000,19691312985,235,Music,2010,1.33
687,Atlantic Records,13300000,11695828552,1421,Music,2006,1.33
688,Wish 107.5,13300000,5259245361,1552,Music,2014,1.33
689,H2ODelirious,13300000,4229571870,3027,Gaming,2007,1.33
690,Vlad and Niki ARA,13200000,6282100713,404,Education,2019,1.32
691,MyMissAnand,13200000,4522774674,275,People & Blogs,2014,1.32
692,PrestonPlayz,13200000,4655009420,694,Gaming,2018,1.32
693,123 GO! Spanish,13200000,4639173668,340,People & Blogs,2019,1.32
694,Anaysa,13200000,3173575287,490,Howto & Style,2012,1.32
695,JD Pantoja,13200000,1380896972,16,People & Blogs,2017,1.32
696,ETV Jabardasth,13100000,12102023764,7805,People & Blogs,2015,1.31
697,theRadBrad,13100000,5791129136,7672,Gaming,2006,1.31
698,SRK MUSIC,13100000,5680652976,4895,Music,2012,1.31
699,The LaBrant Fam,13100000,4606244054,586,Comedy,2012,1.31
700,Vlad and Niki ESP,13100000,4846410942,409,Education,2018,1.31
701,MSA previously My Story Animated,13100000,5149512811,838,Film & Animation,2019,1.31
702,The Q,13100000,4064473466,276,People & Blogs,2017,1.31
703,Desi Gamers,13100000,1938724616,1223,Gaming,2015,1.31
704,Matheus Yurley,13100000,741066278,238,Entertainment,2015,1.31
705,Calon Sarjana,13000000,10664585,29,Entertainment,2016,1.3
706,Saturday Night Live,13000000,13581231885,7996,Entertainment,2013,1.3
707,EnriqueIglesiasVEVO,13000000,14773705750,137,Music,2009,1.3
708,Поззи,13000000,6244275339,3000,People & Blogs,2012,1.3
709,The MriDul,13000000,3545774062,96,Comedy,2015,1.3
710,Conor Maynard,13000000,2581452824,282,Music,2006,1.3
711,DALLMYD,13000000,1738311790,616,Sports,2011,1.3
712,ГЛЕНТ,13000000,926279238,221,People & Blogs,2019,1.3
713,Coke Studio,12900000,3274234309,529,Music,2014,1.29
714,BeyoncéVEVO,12900000,13130570880,167,Music,2009,1.29
715,O Reino Infantil,12900000,9539435945,1055,Music,2014,1.29
716,twenty one pilots,12900000,4621224472,173,Music,2009,1.29
717,Gulshan Kalra,12900000,6130500064,339,Howto & Style,2018,1.29
718,How Ridiculous,12900000,5543670656,390,Sports,2009,1.29
719,Matt Steffanina,12900000,2970575636,486,Entertainment,2011,1.29
720,The Shiny Peanut,12900000,2839759455,2331,Education,2016,1.29
721,NishaMadhulika,12900000,2639885987,1931,Howto & Style,2009,1.29
722,ATHLEAN-X™,12900000,2162786560,1296,Howto & Style,2006,1.29
723,O Que Não Dizer Oficial,12900000,1636814649,511,Comedy,2015,1.29
724,Alex Gonzaga Official,12900000,1300528162,238,People & Blogs,2017,1.29
725,Everson Zoio,12900000,990362305,587,Comedy,2009,1.29
726,Infobells Bangla,12800000,6165983944,284,Education,2016,1.28
727,SMOL,12800000,13067020729,1960,People & Blogs,2021,1.28
728,RedeTV,12800000,8366717082,36800,Entertainment,2011,1.28
729,Crazy Frog,12800000,6887508307,33,Music,2009,1.28
730,MrSuicideSheep,12800000,6722961376,3212,Entertainment,2010,1.28
731,T-Series Hamaar Bhojpuri,12800000,6334967135,9347,Entertainment,2011,1.28
732,Ray William Johnson,12800000,6682031898,1354,Entertainment,2008,1.28
733,Zee Telugu,12800000,6224195587,86735,Entertainment,2008,1.28
734,Katakit Baby TV,12800000,5243185280,169,Music,2010,1.28
735,Typical Gamer,12800000,3948852379,3931,Gaming,2008,1.28
736,BBC News,12800000,3841146030,16397,News & Politics,2006,1.28
737,PowerfulJRE,12800000,2266640311,765,People & Blogs,2013,1.28
738,CookingShooking Hindi,12800000,1609903713,393,People & Blogs,2017,1.28
739,Hacksmith,12800000,1343814218,745,Science & Technology,2006,1.28
740,Dear Sir,12800000,918548566,482,Education,2016,1.28
741,Tsuriki Show,12700000,19472063469,1617,Entertainment,2019,1.27
742,NickiMinajAtVEVO,12700000,8367047990,93,Music,2010,1.27
743,Like Nastya Stories,12700000,6055781883,389,Entertainment,2019,1.27
744,Top Viral Talent,12700000,6503369315,2282,Entertainment,2014,1.27
745,Jazzghost,12700000,4639145138,5111,Gaming,2012,1.27
746,Ei Nerd,12700000,3207538507,5219,Entertainment,2013,1.27
747,#Refúgio Mental,12700000,2582093496,758,Entertainment,2013,1.27
748,أترو/Atro,12700000,2138416538,1544,Gaming,2017,1.27
749,Ami Rodriguez,12600000,1986603595,358,Entertainment,2009,1.26
750,That Little Puff,12600000,10768365983,542,Pets & Animals,2020,1.26
751,Hungria Hip Hop,12600000,3960601978,44,Music,2013,1.26
752,BBC,12600000,8830704358,12973,Pets & Animals,2005,1.26
753,Lady Diana,12600000,7265803610,1273,Entertainment,2016,1.26
754,T-Series Regional,12600000,5169203026,15573,Entertainment,2011,1.26
755,Blossom,12600000,4270306760,533,Howto & Style,2017,1.26
756,Crescendo com Luluca,12600000,4241651530,1107,Entertainment,2015,1.26
757,7 Minutoz,12600000,3916931694,511,Music,2012,1.26
758,TKOR,12600000,3337753407,1430,Education,2010,1.26
759,BIBO와 장난감,12600000,2875252577,152,Entertainment,2016,1.26
760,Veritasium,12600000,1795358843,336,Education,2010,1.26
761,Goldmines Premiere,12600000,1629550071,530,Entertainment,2013,1.26
762,SAAIHALILINTAR,12600000,1104329570,405,Entertainment,2012,1.26
763,Health Time,12600000,978876224,1604,Howto & Style,2016,1.26
764,Ja Mill,12500000,1302818088,567,People & Blogs,2016,1.25
765,JesseAndMike,12500000,9102860878,630,Entertainment,2007,1.25
766,Disney Junior,12500000,11451399743,3261,Entertainment,2008,1.25
767,VexTrex,12500000,7198667373,3133,Entertainment,2014,1.25
768,Zee Bangla,12500000,5283086890,76545,Entertainment,2008,1.25
769,Awakening Music,12500000,4944109812,709,Music,2006,1.25
770,Lokdhun Punjabi,12500000,4372757487,1399,Music,2010,1.25
771,Parafernalha,12500000,4547822776,1498,Entertainment,2011,1.25
772,Rebecca Zamolo,12500000,4747533461,856,Comedy,2011,1.25
773,Juliana Baltar,12500000,3211108711,1431,Entertainment,2010,1.25
774,StudyIQ IAS,12500000,2940312253,34843,Education,2015,1.25
775,gymvirtual,12500000,2352844574,1414,Sports,2010,1.25
776,Knowledge Tv हिन्दी,12500000,1446664137,1041,People & Blogs,2014,1.25
777,キッズライン♡Kids Line,12400000,10743601694,5581,People & Blogs,2011,1.24
778,KOMPASTV,12400000,9025460804,225232,News & Politics,2013,1.24
779,Meghan Trainor,12400000,7312991342,89,People & Blogs,2008,1.24
780,Ajay Sharma,12400000,9181398526,607,Entertainment,2012,1.24
781,Wolfoo Channel,12400000,5859164410,1032,Education,2019,1.24
782,elliegoulding,12400000,6556822629,104,Music,2007,1.24
783,Sony Music South,12400000,7036027389,1574,Music,2014,1.24
784,karameeshchannel,12400000,8199848915,2122,Entertainment,2012,1.24
785,Melon City Show - برنامج ولاية بطيخ,12400000,5477760778,1592,Comedy,2016,1.24
786,DJ Khaled,12400000,6054112231,39,Music,2018,1.24
787,Adexe & Nau,12400000,4440271314,529,Music,2013,1.24
788,SR Toys Collection,12400000,4007664795,984,Entertainment,2012,1.24
789,CaseyNeistat,12400000,3044339760,1068,People & Blogs,2010,1.24
790,Talking Angela,12400000,3284897861,204,Entertainment,2014,1.24
791,Jordan Matter,12400000,3368183197,355,Entertainment,2006,1.24
792,Kabita's Kitchen,12400000,2338362639,1234,Howto & Style,2014,1.24
793,LOUD,12400000,2305594041,1126,Gaming,2019,1.24
794,Brawl Stars,12400000,1796220780,130,Gaming,2017,1.24
795,Piuzinho,12400000,1022959848,463,Gaming,2015,1.24
796,People Vs Food,12400000,959616512,384,Entertainment,2013,1.24
797,DisneyChannelUK,12300000,11606288094,3238,Music,2007,1.23
798,Little Baby Bum en Español,12300000,6706548354,1182,Education,2014,1.23
799,JOJO TV - Hindi Stories,12300000,4679118911,925,Education,2016,1.23
800,Troom Troom PT,12300000,4219567300,2430,Howto & Style,2015,1.23
801,Peppa Pig em Português Brasil - Canal Oficial,12300000,3807810342,1066,Film & Animation,2014,1.23
802,Gibby :),12300000,2761291454,203,People & Blogs,2014,1.23
803,Blockbuster Movies,12300000,2286659867,344,Entertainment,2016,1.23
804,Wolfoo Family,12200000,5770890911,1101,Education,2019,1.22
805,Come Play With Me,12200000,14390156987,367,Entertainment,2014,1.22
806,The Dodo,12200000,7908428418,6993,Pets & Animals,2014,1.22
807,Just For Laughs Gags,12200000,7856644944,6411,Comedy,2007,1.22
808,Think Music India,12200000,8959285840,3931,Music,2009,1.22
809,ماشا و الدب,12200000,6201317137,751,Shows,2017,1.22
810,Troom Troom India,12200000,6308397105,2070,Howto & Style,2015,1.22
811,HZHtube Kids Fun,12200000,3956552948,674,Entertainment,2015,1.22
812,Its JoJo Siwa,12200000,3817813233,707,Entertainment,2015,1.22
813,My Mate Nate,12200000,2748616115,981,Comedy,2014,1.22
814,Bela Bagunça,12200000,2770979129,921,People & Blogs,2015,1.22
815,Mythpat,12200000,2590550091,322,Entertainment,2018,1.22
816,GMA News,12100000,10471677314,329711,News & Politics,2007,1.21
817,Future,12100000,8747974258,48,Music,2011,1.21
818,Codiscos,12100000,9823385812,6967,Music,2007,1.21
819,Jass Records,12100000,5294095545,4241,Music,2014,1.21
820,DeGoBooM,12100000,4732355492,3062,Gaming,2014,1.21
821,FIFA,12100000,3904515416,9589,Sports,2006,1.21
822,Más SKabeche,12100000,2746045885,632,Travel & Events,2015,1.21
823,Davie504,12100000,2329241574,793,Entertainment,2011,1.21
824,Trakin Tech,12100000,1809901493,3285,Science & Technology,2011,1.21
825,ChrisBrownVEVO,12000000,12493403632,290,Music,2009,1.2
826,Migos ATL,12000000,6370982440,100,Music,2012,1.2
827,Lana Del Rey,12000000,5676001571,40,Music,2011,1.2
828,DaniRep | +6 Vídeos Diarios De GTA 5 Online!,12000000,6447519975,10858,Gaming,2012,1.2
829,Компот,12000000,5850856870,1863,Gaming,2013,1.2
830,Geo News,12000000,5358131096,153929,News & Politics,2007,1.2
831,NDTV,12000000,4510236068,126906,Entertainment,2006,1.2
832,NORMAN FAIT DES VIDÉOS,12000000,2681755121,205,Comedy,2011,1.2
833,RaptorGamer,12000000,2522809876,1207,People & Blogs,2016,1.2
834,Panda,12000000,2004584036,1408,Gaming,2018,1.2
835,Narendra Modi,12000000,2265382511,17104,News & Politics,2007,1.2
836,Kylie Jenner,12000000,753341022,148,People & Blogs,2015,1.2
837,Troom Troom Indonesia,11900000,5012830809,1568,People & Blogs,2019,1.19
838,Avril Lavigne,11900000,5636275144,140,Music,2005,1.19
839,The Infographics Show,11900000,4349105305,3445,Education,2011,1.19
840,KaKa Kids TV - Nursery Rhymes Kids Animated Songs,11900000,4115401899,310,Education,2013,1.19
841,Azhan5star,11900000,6371101819,365,Entertainment,2021,1.19
842,CHHOTU KI MASTI,11900000,4064045560,106,Comedy,2018,1.19
843,Yudist Ardhana,11900000,3925624169,2126,Entertainment,2016,1.19
844,Vogue,11900000,3533048715,2756,Entertainment,2008,1.19
845,Sonotek Bhakti,11900000,3661572976,7428,Entertainment,2010,1.19
846,BanderitaX,11900000,3347502658,1474,Gaming,2013,1.19
847,Lulu99,11900000,2140151369,496,Entertainment,2015,1.19
848,Planet Earth INDIA,11900000,1722795279,630,People & Blogs,2011,1.19
849,colinfurze,11900000,1472027354,350,Entertainment,2006,1.19
850,Ice Cream Rolls,11900000,1469047858,1528,Entertainment,2011,1.19
851,Yair17,11900000,1248384511,962,Gaming,2014,1.19
852,CalvinHarrisVEVO,11800000,13615089843,173,Music,2009,1.18
853,Rauw Alejandro,11800000,9232920975,114,Music,2014,1.18
854,Jamuna TV,11800000,9144058244,84071,News & Politics,2017,1.18
855,MBC مصر,11800000,7784893932,40608,Entertainment,2012,1.18
856,CNCO,11800000,6881836992,172,Music,2015,1.18
857,Kids TV India Hindi Nursery Rhymes,11800000,5473328070,1185,Shows,2014,1.18
858,DANIEL EL TRAVIESO VIDEOS,11800000,4755190859,324,Comedy,2014,1.18
859,Kluna Tik,11800000,4208225754,275,Entertainment,2014,1.18
860,MrGear,11800000,3241537148,766,Science & Technology,2015,1.18
861,E-MasterSensei,11800000,3235532845,1151,Gaming,2016,1.18
862,Timba Vk,11800000,2538254830,890,Gaming,2012,1.18
863,MORGENSHTERN,11800000,2085751416,131,Music,2013,1.18
864,WiederDude,11800000,2190306341,259,Gaming,2016,1.18
865,TommyInnit,11800000,1590238217,289,Gaming,2015,1.18
866,Tfue,11800000,1461546183,741,Gaming,2014,1.18
867,Bispo Bruno Leonardo,11800000,1882150122,3439,Nonprofits & Activism,2016,1.18
868,TsMadaan,11800000,1329092064,1687,Howto & Style,2008,1.18
869,EU FICO LOKO,11800000,1190135430,1605,Comedy,2010,1.18
870,Technology Gyan,11800000,920996435,924,Science & Technology,2015,1.18
872,Wave Music Bhakti,11700000,4770280667,19108,Music,2011,1.17
873,FFUNTV,11700000,9325685889,364,Gaming,2018,1.17
874,Natti Natasha,11700000,7264301648,130,Music,2015,1.17
875,Netflix Jr.,11700000,7314674893,1563,Education,2012,1.17
876,Nat and Essie,11700000,6890942780,959,Film & Animation,2015,1.17
877,Mor Haryanvi,11700000,5768686721,402,Music,2015,1.17
878,Luan Santana,11700000,4908116204,371,Music,2009,1.17
879,Koo Koo TV - Hindi,11700000,4265761191,927,Education,2017,1.17
880,123 GO!,11700000,4356636895,377,People & Blogs,2019,1.17
881,Naz | ناز,11700000,2002897892,917,People & Blogs,2016,1.17
882,Rubius Z,11700000,1828200652,429,Comedy,2006,1.17
883,emma chamberlain,11700000,1531833342,283,Entertainment,2016,1.17
884,Dani Russo Tv,11700000,602060711,280,Comedy,2014,1.17
885,FrontaL Gaming,11700000,255073454,108,Gaming,2015,1.17
886,eltrece,11600000,11106097841,149786,Entertainment,2014,1.16
887,Alan Chikin Chow,11600000,11876297990,508,Comedy,2020,1.16
888,Луномосик,11600000,5052785110,460,People & Blogs,2015,1.16
889,Akon,11600000,5289951047,37,Music,2005,1.16
890,Halsey,11600000,4412088740,51,Music,2014,1.16
891,Republic Bharat,11600000,5041539626,49789,News & Politics,2019,1.16
892,SBT,11600000,3375080065,25710,Comedy,2008,1.16
893,办公室小野 Ms Yeah,11600000,3339092378,351,People & Blogs,2017,1.16
894,Morgz,11600000,2723781007,735,Gaming,2014,1.16
895,First We Feast,11600000,2485814338,819,Howto & Style,2014,1.16
896,P!NK,11500000,7211913487,13,Music,2006,1.15
897,YoungBoy Never Broke Again,11500000,11015842469,475,Entertainment,2015,1.15
898,TV9 Bharatvarsh,11500000,7314674032,193940,People & Blogs,2018,1.15
899,Wassabi,11500000,4592238139,1119,Entertainment,2006,1.15
900,Luli Pampín,11500000,6102648062,225,Music,2012,1.15
901,Duo Tiempo De Sol,11500000,5733616887,278,Music,2013,1.15
902,Wild 'N Out,11500000,4418589089,1267,Entertainment,2006,1.15
903,LipaoGamer,11500000,3837227706,10901,Gaming,2011,1.15
904,Make Joke Of,11500000,1832620830,42,Comedy,2017,1.15
905,Garena Free Fire LATAM,11500000,1587661793,1425,People & Blogs,2018,1.15
906,Hero Movies 2022,11500000,1418615214,329,People & Blogs,2017,1.15
907,YtCrash,11400000,3825084,1,Education,2015,1.14
908,infobells - Kannada,11400000,5209512047,353,Education,2014,1.14
909,Black Eyed Peas,11400000,9492696997,39,Music,2007,1.14
910,Annoying Orange,11400000,7893769128,1861,Shows,2010,1.14
911,웃웃TwinsFromRussia,11400000,7802486828,3589,People & Blogs,2011,1.14
912,Biper y sus Amigos,11400000,4991697738,119,Music,2012,1.14
913,Vy Qwaint,11400000,5409544753,528,Howto & Style,2014,1.14
914,Маша та Ведмідь,11400000,4942306057,994,Shows,2014,1.14
915,MC Divertida,11400000,4440911293,347,Entertainment,2018,1.14
916,BBC Earth,11400000,4069124046,2248,Pets & Animals,2009,1.14
917,CrazyRussianHacker,11400000,3011607663,1970,Science & Technology,2012,1.14
918,ExpCaseros,11400000,2515501575,1023,Howto & Style,2012,1.14
919,الجانب المُشرق | Bright Side Arabic,11400000,1605101022,5063,Howto & Style,2018,1.14
920,MyLifeAsEva,11400000,1534278655,326,Comedy,2011,1.14
921,GoldminesAction,11400000,1069320125,529,Film & Animation,2015,1.14
922,Free Fire India Official,11300000,1389660530,1117,People & Blogs,2018,1.13
923,Colors Rishtey,11300000,8954781989,13423,Entertainment,2013,1.13
924,Yoeslan,11300000,8789109127,240,Entertainment,2020,1.13
925,POCOYÓ en ESPAÑOL - Canal Oficial,11300000,8388840225,1538,Film & Animation,2007,1.13
926,Lil Wayne,11300000,5335786775,254,Music,2013,1.13
927,elcarteldesantatv,11300000,6261374873,313,Music,2008,1.13
928,Star Casablanca | نجوم الدار البيضاء,11300000,5129031730,998,Music,2015,1.13
929,UnspeakableGaming,11300000,4826278522,2444,Gaming,2012,1.13
930,Maymo,11300000,4918241216,486,Pets & Animals,2006,1.13
931,Simone e Simaria,11300000,4474548691,224,Music,2012,1.13
932,Single Track Studio,11300000,4462580470,1719,Entertainment,2010,1.13
933,CaptainSparklez,11300000,3924274232,5501,Gaming,2010,1.13
934,Tiana,11300000,3176486598,997,Entertainment,2015,1.13
935,Quantum Tech HD,11300000,3594122308,392,Science & Technology,2015,1.13
936,Ya - Alisa,11300000,2127059635,332,People & Blogs,2015,1.13
937,Jaiden Animations,11300000,2116631957,101,Film & Animation,2014,1.13
938,Ben Azelart,11300000,2294003189,236,Film & Animation,2014,1.13
939,Yoga With Adriene,11300000,1188547722,649,Howto & Style,2012,1.13
940,The Viral Fever,11200000,1656301737,433,Entertainment,2011,1.12
941,Lofi Girl,11200000,1311726533,328,Music,2015,1.12
942,Marta and Rustam,11200000,12481668186,390,Comedy,2021,1.12
943,ChainsmokersVEVO,11200000,11415809929,231,Music,2012,1.12
944,"せんももあいしーCh Sen, Momo, Ai & Shii",11200000,7625038147,3216,People & Blogs,2006,1.12
945,AlArabiya العربية,11200000,5892643162,129135,People & Blogs,2006,1.12
946,DemiLovatoVEVO,11200000,5543363992,201,Music,2009,1.12
947,Cut,11200000,4846700433,1738,Entertainment,2014,1.12
948,Toys Make Me Smile,11200000,4562854224,102,Entertainment,2015,1.12
949,Franco Escamilla,11200000,3344578049,2053,Comedy,2007,1.12
950,Avocado Couple I Crazy Comics,11200000,3138496496,660,Film & Animation,2018,1.12
951,Fortnite,11200000,2123231155,792,Gaming,2014,1.12
952,luzugames,11200000,1978138747,2882,Gaming,2013,1.12
953,Magic Five,11200000,1753589438,405,Entertainment,2016,1.12
954,El Rincón De Giorgio,11200000,1543663972,551,Entertainment,2013,1.12
955,Pastor Antônio Júnior,11200000,1646248092,3624,People & Blogs,2013,1.12
956,CarryisLive,11200000,1371995657,893,Gaming,2017,1.12
957,MaJa Tv Moral Stories Fairy Tales,11100000,4132213251,449,Entertainment,2017,1.11
958,FunToys Collector Disney Toys Review,11100000,15050447314,2910,Entertainment,2011,1.11
959,DisneyJuniorUK,11100000,12321708693,2799,Entertainment,2010,1.11
960,Morphle TV,11100000,7586526902,1126,Entertainment,2011,1.11
961,Влад и Никита,11100000,6761739774,396,Unknown,2018,1.11
962,Chotoonz TV - Funny Cartoons for Kids,11100000,7015448647,1797,Film & Animation,2013,1.11
963,penguinz0,11100000,5768785195,3952,Gaming,2007,1.11
964,ToysPlay,11100000,7000333135,397,Entertainment,2015,1.11
965,Pari's Lifestyle,11100000,6680703649,356,People & Blogs,2018,1.11
966,Comedy Central,11100000,6297139999,5841,Comedy,2006,1.11
967,Diana and Roma IND,11100000,4802776148,446,Education,2019,1.11
968,Sky Does Everything,11100000,3823868578,2101,Music,2011,1.11
969,BakLol Video,11100000,3250851179,257,Entertainment,2016,1.11
970,Genius,11100000,2891052624,2797,Music,2011,1.11
971,Mo Vlogs,11100000,2933099311,1906,People & Blogs,2013,1.11
972,The Film Theorists,11100000,2242892562,355,Film & Animation,2014,1.11
973,bharatzkitchen HINDI,11100000,1903304025,626,Howto & Style,2016,1.11
974,Mrwhosetheboss,11100000,1793692542,1435,Science & Technology,2011,1.11
975,Acenix,11100000,1606057806,259,Gaming,2014,1.11
976,HellomaphieMX,11100000,1584174173,382,Howto & Style,2013,1.11
977,Virgínia Fonseca,11100000,1246793263,1047,People & Blogs,2016,1.11
979,Barbie,11000000,3703938514,2411,Entertainment,2005,1.1
980,Inside Edition,11000000,19367966533,27156,News & Politics,2012,1.1
981,Flowers Comedy,11000000,9521653019,8840,Entertainment,2015,1.1
982,Flamingo,11000000,8874980800,2196,Gaming,2017,1.1
983,Doja Cat,11000000,5459891400,25,Music,2018,1.1
984,Tyga,11000000,5211071220,160,Music,2009,1.1
985,Wolfoo's stories,11000000,4227479765,942,Education,2016,1.1
986,Emily Tube,11000000,4040393626,770,Entertainment,2014,1.1
987,ExplosmEntertainment,11000000,3685664468,1048,Comedy,2009,1.1
988,Coisa de Nerd,11000000,3419435728,1962,Gaming,2009,1.1
989,Taylor RS,11000000,3306502621,1845,Gaming,2016,1.1
990,unknown boy varun,11000000,3263285883,193,Music,2016,1.1
991,Viih Tube,11000000,886497694,505,People & Blogs,2013,1.1
992,OYUNCAKOYNUYORUM,10900000,9948474904,791,Entertainment,2016,1.09
993,Brancoala,10900000,7934725886,1685,Entertainment,2008,1.09
994,핑크퐁 (인기 동요・동화),10900000,6663450148,2726,Education,2014,1.09
995,OGGY,10900000,5589104660,920,Film & Animation,2014,1.09
996,JP Plays,10900000,4609300218,3528,Gaming,2014,1.09
997,TrapMusicHDTV,10900000,4070521973,690,Music,2013,1.09
998,Games EduUu,10900000,3093784767,1006,Gaming,2011,1.09
999,Hueva,10900000,3040301750,831,Gaming,2012,1.09
1000,Dobre Brothers,10900000,2808411693,590,People & Blogs,2017,1.09
